183,
174,
167,
159,
156,
155,
154,
154,
149,
142,
133,
123,
117,
114,
114,
115,
117,
115,
113,
108,
106,
102,
100,
97,
94,
90,
86,
82,
80,
77,
78,
78,
80,
81,
83,
83,
84,
84,
82,
82,
81,
82,
84,
86,
90,
94,
98,
102,
106,
110,
113,
115,
117,
119,
123,
128,
134,
142,
151,
163,
174,
187,
195,
203,
205,
207,
206,
207,
209,
214,
219,
224,
229,
233,
237,
241,
243,
246,
249,
253,
259,
265,
274,
285,
300,
318,
338,
360,
384,
409,
439,
471,
506,
545,
579,
613,
641,
668,
695,
720,
747,
772,
799,
822,
844,
861,
875,
887,
897,
910,
923,
938,
951,
963,
970,
976,
979,
983,
985,
989,
991,
993,
996,
998,
1000,
1002,
1003,
1002,
999,
994,
987,
980,
973,
967,
962,
955,
949,
941,
932,
924,
916,
908,
901,
893,
885,
875,
864,
852,
840,
828,
818,
806,
795,
782,
768,
752,
735,
718,
699,
680,
657,
632,
604,
577,
550,
528,
506,
489,
469,
453,
434,
420,
408,
397,
389,
380,
373,
367,
361,
360,
355,
354,
350,
345,
339,
332,
322,
311,
298,
284,
270,
256,
241,
227,
211,
197,
183,
171,
159,
148,
138,
130,
125,
123,
122,
124,
123,
121,
118,
113,
108,
104,
102,
101,
100,
103,
105,
107,
106,
106,
103,
101,
99,
95,
93,
90,
90,
89,
91,
91,
91,
92,
90,
92,
90,
92,
90,
92,
91,
92,
92,
92,
94,
96,
98,
102,
107,
110,
115,
118,
124,
128,
134,
139,
146,
154,
166,
177,
188,
195,
200,
203,
204,
205,
205,
205,
206,
208,
210,
214,
217,
221,
224,
226,
227,
229,
230,
234,
236,
241,
245,
251,
257,
264,
270,
276,
285,
295,
309,
325,
347,
369,
400,
428,
460,
492,
522,
555,
585,
616,
645,
672,
696,
719,
738,
759,
777,
795,
812,
826,
839,
853,
866,
881,
896,
913,
930,
946,
962,
976,
989,
1001,
1010,
1017,
1021,
1023,
1023,
1023,
1023,
1023,
1023,
1023,
1023,
1023,
1023,
1023,
1023,
1023,
1023,
1023,
1023,
1023,
1023,
1021,
1018,
1013,
1006,
997,
987,
977,
966,
952,
937,
917,
895,
871,
845,
820,
793,
768,
746,
724,
706,
685,
667,
647,
629,
611,
594,
578,
560,
543,
524,
505,
486,
467,
448,
429,
411,
393,
374,
355,
336,
317,
299,
281,
266,
251,
239,
228,
219,
211,
204,
198,
192,
187,
182,
178,
173,
167,
161,
155,
150,
146,
143,
142,
140,
137,
136,
133,
133,
134,
136,
139,
142,
145,
146,
147,
149,
152,
155,
157,
159,
158,
156,
152,
149,
145,
144,
145,
146,
148,
149,
148,
146,
143,
141,
144,
150,
159,
170,
179,
188,
197,
203,
212,
217,
227,
233,
241,
248,
255,
261,
269,
275,
281,
288,
294,
304,
314,
327,
342,
356,
370,
382,
392,
400,
407,
412,
418,
423,
428,
433,
439,
444,
449,
453,
456,
459,
462,
466,
470,
473,
477,
480,
483,
490,
499,
513,
528,
547,
568,
591,
616,
641,
664,
686,
706,
724,
743,
760,
781,
800,
822,
840,
858,
872,
886,
899,
910,
922,
931,
939,
946,
952,
959,
963,
968,
971,
974,
979,
981,
986,
985,
986,
982,
979,
977,
971,
968,
960,
952,
940,
926,
910,
892,
872,
849,
829,
808,
790,
769,
746,
723,
697,
673,
648,
623,
598,
572,
544,
515,
487,
461,
439,
418,
400,
382,
364,
347,
329,
314,
298,
287,
274,
262,
248,
235,
222,
211,
202,
196,
189,
185,
179,
174,
169,
165,
160,
157,
152,
149,
145,
144,
142,
143,
144,
146,
146,
144,
139,
132,
124,
115,
108,
103,
101,
102,
103,
108,
113,
119,
124,
127,
130,
132,
135,
139,
144,
148,
152,
157,
160,
165,
167,
170,
171,
174,
175,
179,
182,
186,
190,
195,
200,
207,
215,
224,
233,
245,
254,
265,
273,
281,
287,
291,
296,
299,
302,
306,
308,
311,
315,
320,
329,
342,
358,
378,
401,
427,
454,
483,
511,
538,
565,
589,
612,
630,
647,
661,
674,
687,
700,
715,
729,
745,
761,
777,
794,
811,
828,
845,
862,
876,
889,
899,
910,
918,
926,
931,
934,
937,
940,
942,
944,
946,
947,
948,
948,
949,
948,
950,
950,
952,
953,
952,
949,
946,
942,
939,
936,
931,
926,
918,
911,
901,
889,
872,
852,
833,
811,
790,
769,
749,
734,
722,
714,
707,
700,
690,
675,
655,
633,
606,
579,
549,
518,
489,
462,
438,
417,
398,
379,
363,
343,
324,
301,
278,
255,
235,
217,
202,
188,
175,
164,
151,
143,
134,
128,
123,
119,
116,
114,
113,
113,
114,
118,
123,
127,
129,
128,
124,
119,
112,
107,
104,
102,
102,
101,
102,
103,
104,
105,
105,
106,
106,
108,
109,
111,
112,
113,
116,
118,
121,
125,
127,
130,
132,
136,
140,
144,
148,
154,
160,
167,
174,
183,
193,
205,
217,
230,
240,
247,
252,
255,
255,
258,
259,
263,
266,
270,
272,
275,
275,
277,
279,
281,
285,
288,
292,
295,
297,
301,
304,
310,
316,
322,
328,
334,
341,
353,
366,
384,
402,
422,
443,
467,
494,
522,
553,
584,
613,
641,
667,
689,
710,
727,
742,
756,
769,
784,
797,
812,
824,
834,
844,
850,
857,
862,
870,
876,
885,
893,
900,
909,
919,
929,
939,
948,
953,
958,
961,
965,
969,
974,
977,
982,
986,
989,
993,
996,
997,
999,
1001,
999,
1001,
997,
994,
989,
984,
978,
970,
961,
950,
937,
922,
907,
891,
874,
857,
839,
819,
798,
776,
753,
732,
713,
695,
679,
661,
646,
627,
610,
591,
571,
551,
530,
509,
489,
469,
449,
429,
409,
391,
372,
355,
337,
320,
301,
282,
260,
239,
217,
198,
179,
164,
150,
139,
129,
121,
112,
105,
98,
90,
85,
79,
75,
72,
70,
69,
68,
66,
66,
62,
60,
56,
55,
51,
51,
49,
51,
52,
56,
61,
66,
71,
74,
76,
76,
75,
74,
75,
76,
81,
87,
93,
101,
109,
117,
123,
127,
130,
132,
135,
140,
142,
149,
153,
161,
169,
178,
186,
192,
199,
203,
209,
215,
222,
231,
239,
248,
257,
265,
274,
283,
292,
300,
310,
317,
325,
330,
335,
339,
344,
347,
349,
348,
346,
342,
340,
338,
338,
339,
344,
347,
352,
355,
359,
364,
373,
384,
400,
419,
441,
467,
495,
523,
551,
578,
605,
631,
657,
682,
704,
727,
747,
765,
784,
799,
816,
829,
842,
853,
865,
877,
888,
899,
911,
924,
934,
944,
949,
955,
960,
966,
972,
978,
984,
991,
998,
1006,
1010,
1013,
1014,
1013,
1014,
1014,
1014,
1015,
1014,
1015,
1014,
1013,
1010,
1007,
1003,
999,
996,
990,
983,
973,
956,
937,
914,
888,
863,
835,
807,
781,
754,
728,
705,
683,
661,
642,
622,
605,
589,
576,
567,
558,
550,
540,
529,
516,
503,
488,
475,
460,
448,
432,
419,
401,
384,
364,
343,
321,
295,
271,
245,
220,
195,
175,
158,
146,
136,
129,
124,
120,
117,
113,
108,
103,
97,
93,
89,
89,
90,
93,
99,
103,
106,
107,
103,
99,
91,
81,
72,
61,
53,
47,
44,
45,
47,
54,
60,
69,
76,
82,
85,
86,
86,
89,
93,
99,
107,
112,
120,
124,
131,
135,
139,
141,
144,
147,
151,
156,
162,
170,
179,
189,
198,
208,
215,
224,
230,
238,
244,
249,
254,
258,
263,
269,
278,
286,
297,
307,
317,
325,
332,
336,
341,
343,
347,
348,
349,
349,
346,
345,
345,
344,
345,
346,
348,
353,
362,
372,
387,
406,
431,
461,
494,
531,
567,
602,
633,
660,
683,
704,
723,
741,
760,
778,
796,
814,
830,
844,
856,
865,
871,
877,
881,
885,
889,
895,
901,
908,
914,
920,
924,
927,
931,
935,
939,
945,
948,
952,
954,
956,
958,
960,
963,
966,
970,
971,
971,
967,
963,
956,
950,
944,
937,
930,
920,
908,
894,
877,
860,
841,
822,
802,
782,
763,
742,
723,
701,
677,
653,
625,
599,
573,
550,
530,
515,
504,
496,
484,
469,
447,
420,
390,
359,
330,
303,
280,
260,
239,
220,
201,
185,
171,
161,
153,
147,
143,
141,
138,
136,
131,
126,
119,
113,
108,
103,
99,
95,
90,
88,
82,
79,
72,
67,
63,
59,
59,
59,
61,
64,
66,
72,
76,
82,
87,
93,
97,
102,
106,
111,
114,
119,
121,
126,
131,
137,
148,
160,
175,
190,
204,
214,
223,
228,
232,
237,
242,
250,
255,
263,
268,
275,
278,
280,
277,
272,
265,
260,
254,
253,
253,
261,
271,
286,
300,
313,
323,
329,
331,
332,
329,
328,
326,
326,
328,
332,
338,
348,
360,
373,
387,
399,
414,
428,
443,
460,
477,
499,
521,
547,
574,
601,
627,
649,
670,
690,
710,
729,
747,
764,
782,
799,
817,
836,
853,
869,
882,
893,
900,
907,
913,
917,
922,
928,
936,
946,
959,
973,
985,
996,
1004,
1009,
1011,
1010,
1007,
1001,
994,
986,
977,
967,
954,
939,
921,
901,
881,
861,
840,
818,
797,
773,
751,
730,
710,
694,
681,
670,
660,
653,
642,
630,
613,
591,
566,
538,
509,
481,
452,
426,
400,
375,
351,
327,
304,
282,
260,
240,
222,
205,
189,
176,
163,
153,
145,
138,
135,
130,
129,
127,
124,
121,
117,
112,
108,
104,
100,
97,
93,
93,
92,
92,
92,
92,
93,
95,
97,
102,
108,
118,
129,
143,
151,
162,
166,
169,
171,
170,
171,
173,
178,
182,
189,
194,
200,
204,
207,
211,
211,
216,
218,
222,
227,
232,
239,
246,
254,
260,
266,
270,
274,
278,
282,
284,
289,
292,
298,
305,
315,
328,
345,
364,
387,
411,
435,
459,
482,
504,
529,
555,
583,
612,
639,
664,
685,
703,
719,
734,
748,
764,
779,
795,
810,
823,
836,
847,
859,
870,
883,
895,
910,
920,
931,
939,
945,
953,
960,
967,
973,
978,
983,
988,
992,
997,
1001,
1004,
1005,
1006,
1004,
1002,
1000,
996,
990,
982,
974,
964,
956,
946,
936,
924,
911,
897,
881,
866,
849,
833,
814,
795,
774,
752,
728,
704,
677,
650,
621,
593,
565,
539,
514,
490,
466,
442,
419,
393,
369,
341,
315,
288,
263,
240,
220,
201,
184,
168,
155,
143,
135,
126,
120,
113,
106,
98,
90,
83,
77,
73,
71,
70,
70,
69,
68,
66,
64,
62,
60,
61,
63,
69,
78,
88,
100,
111,
119,
126,
129,
133,
135,
139,
144,
149,
156,
165,
178,
195,
212,
230,
246,
260,
273,
286,
298,
308,
314,
317,
316,
312,
308,
303,
298,
293,
291,
289,
291,
295,
302,
310,
318,
329,
340,
354,
369,
389,
405,
422,
434,
443,
451,
459,
467,
474,
475,
473,
468,
460,
450,
440,
428,
418,
407,
396,
385,
373,
364,
359,
356,
357,
359,
362,
367,
372,
379,
389,
400,
413,
427,
440,
458,
478,
503,
530,
558,
584,
605,
622,
634,
644,
654,
663,
675,
683,
689,
693,
691,
689,
686,
682,
679,
675,
671,
669,
666,
664,
663,
661,
658,
655,
650,
645,
640,
635,
628,
624,
620,
619,
619,
620,
622,
622,
622,
619,
614,
609,
604,
599,
595,
590,
586,
583,
577,
574,
568,
562,
554,
547,
539,
535,
532,
533,
532,
533,
529,
525,
518,
512,
506,
501,
499,
496,
496,
495,
494,
495,
495,
498,
502,
506,
509,
512,
513,
514,
514,
516,
517,
519,
520,
520,
520,
520,
521,
524,
534,
550,
570,
590,
608,
621,
630,
636,
642,
647,
653,
659,
665,
670,
673,
674,
672,
667,
659,
646,
628,
606,
580,
555,
530,
511,
495,
485,
477,
473,
475,
480,
486,
490,
492,
490,
493,
500,
516,
536,
558,
578,
594,
607,
619,
632,
648,
665,
682,
695,
704,
709,
714,
716,
719,
721,
726,
732,
738,
742,
744,
743,
738,
726,
711,
687,
662,
631,
600,
567,
533,
504,
478,
458,
444,
432,
425,
421,
417,
415,
411,
406,
398,
387,
377,
364,
354,
342,
333,
324,
317,
310,
302,
293,
282,
271,
256,
241,
224,
207,
190,
173,
158,
145,
135,
128,
123,
120,
118,
116,
116,
115,
114,
114,
114,
114,
115,
116,
118,
119,
121,
123,
125,
129,
131,
134,
137,
140,
145,
152,
159,
169,
179,
190,
204,
213,
224,
230,
234,
236,
236,
237,
240,
243,
247,
252,
255,
259,
263,
265,
268,
270,
274,
277,
282,
287,
292,
299,
307,
315,
326,
337,
348,
359,
370,
379,
392,
406,
424,
442,
458,
473,
481,
489,
494,
499,
502,
502,
502,
499,
496,
495,
498,
505,
517,
529,
541,
548,
552,
553,
551,
551,
553,
556,
562,
567,
574,
582,
595,
616,
646,
677,
707,
728,
742,
751,
755,
757,
754,
748,
738,
730,
723,
720,
722,
724,
726,
724,
722,
720,
720,
723,
729,
737,
748,
760,
770,
779,
787,
796,
805,
818,
829,
842,
856,
870,
885,
899,
911,
923,
931,
938,
939,
940,
940,
943,
946,
951,
954,
955,
956,
956,
957,
957,
955,
949,
940,
924,
906,
886,
864,
845,
826,
809,
791,
774,
757,
742,
728,
716,
703,
690,
676,
663,
650,
640,
630,
622,
615,
606,
596,
582,
564,
545,
522,
502,
480,
464,
446,
432,
419,
407,
396,
387,
378,
369,
361,
355,
350,
346,
343,
342,
342,
343,
342,
341,
340,
336,
334,
329,
326,
324,
324,
324,
326,
327,
330,
332,
335,
336,
338,
339,
340,
343,
345,
350,
353,
357,
359,
362,
365,
367,
368,
369,
370,
373,
375,
376,
375,
373,
370,
367,
364,
361,
360,
359,
361,
362,
361,
358,
356,
355,
358,
361,
366,
370,
374,
377,
382,
386,
392,
396,
401,
407,
414,
421,
429,
436,
445,
451,
458,
462,
466,
466,
468,
465,
462,
456,
448,
440,
431,
422,
415,
410,
406,
405,
405,
408,
412,
417,
423,
428,
434,
441,
449,
457,
468,
477,
489,
498,
508,
516,
522,
528,
532,
536,
539,
540,
542,
540,
537,
530,
520,
508,
493,
480,
466,
453,
440,
430,
422,
418,
415,
414,
411,
409,
409,
411,
416,
422,
428,
431,
434,
436,
438,
442,
444,
447,
448,
450,
451,
454,
457,
463,
466,
470,
473,
473,
470,
466,
457,
450,
439,
429,
418,
410,
403,
401,
398,
397,
396,
394,
394,
394,
394,
396,
397,
400,
403,
408,
411,
416,
417,
419,
422,
426,
434,
441,
451,
458,
464,
465,
465,
461,
457,
449,
439,
424,
409,
397,
389,
384,
379,
375,
369,
367,
364,
362,
357,
352,
347,
343,
346,
356,
374,
400,
431,
461,
491,
512,
529,
541,
554,
568,
583,
601,
616,
631,
639,
639,
627,
610,
591,
578,
572,
574,
581,
591,
599,
606,
611,
618,
623,
621,
607,
581,
553,
528,
515,
506,
502,
497,
490,
480,
467,
448,
425,
399,
371,
346,
323,
306,
291,
279,
264,
248,
232,
216,
204,
195,
190,
188,
188,
192,
198,
206,
216,
225,
233,
240,
243,
244,
242,
238,
236,
233,
232,
232,
235,
238,
245,
251,
259,
266,
273,
279,
286,
292,
299,
306,
312,
319,
324,
329,
333,
336,
342,
347,
352,
356,
358,
361,
363,
367,
369,
370,
369,
368,
366,
364,
364,
365,
366,
368,
370,
370,
373,
377,
381,
385,
388,
389,
388,
386,
384,
383,
384,
387,
390,
395,
401,
407,
413,
418,
422,
423,
423,
422,
424,
429,
440,
453,
471,
490,
514,
539,
567,
594,
622,
649,
674,
696,
714,
730,
743,
755,
766,
779,
791,
804,
816,
826,
835,
841,
846,
849,
852,
856,
860,
869,
878,
887,
897,
903,
909,
914,
919,
921,
921,
918,
910,
902,
891,
877,
863,
847,
830,
811,
791,
769,
748,
727,
706,
685,
662,
641,
617,
594,
568,
541,
512,
485,
457,
432,
406,
382,
358,
336,
315,
294,
273,
251,
229,
210,
193,
180,
170,
163,
157,
152,
148,
143,
139,
134,
130,
126,
124,
121,
120,
118,
120,
121,
124,
127,
130,
132,
134,
137,
140,
145,
151,
158,
166,
175,
186,
198,
207,
215,
220,
223,
226,
229,
232,
236,
241,
244,
248,
252,
254,
256,
257,
258,
260,
263,
267,
271,
276,
281,
289,
295,
301,
305,
307,
311,
313,
316,
318,
321,
325,
328,
332,
336,
342,
348,
358,
365,
372,
377,
379,
382,
386,
398,
417,
447,
483,
523,
564,
602,
636,
667,
693,
718,
742,
765,
788,
807,
826,
839,
847,
851,
849,
845,
838,
829,
817,
803,
788,
772,
757,
741,
726,
711,
696,
683,
669,
655,
640,
624,
605,
585,
566,
547,
528,
511,
490,
471,
452,
435,
418,
402,
387,
374,
365,
360,
364,
375,
394,
415,
434,
447,
456,
460,
461,
456,
443,
423,
398,
376,
360,
355,
359,
372,
386,
400,
410,
419,
430,
443,
463,
482,
503,
522,
533,
541,
543,
545,
547,
550,
551,
548,
543,
535,
531,
528,
532,
537,
543,
548,
553,
556,
558,
562,
566,
574,
583,
592,
600,
608,
614,
622,
628,
637,
644,
654,
662,
667,
669,
666,
660,
654,
648,
644,
639,
634,
629,
624,
617,
611,
603,
593,
580,
566,
552,
538,
525,
511,
495,
480,
464,
450,
439,
429,
422,
418,
417,
418,
421,
424,
429,
434,
440,
446,
446,
446,
441,
436,
430,
423,
417,
409,
401,
393,
380,
364,
346,
328,
315,
306,
301,
296,
289,
277,
261,
243,
227,
218,
211,
205,
197,
188,
181,
180,
182,
188,
195,
204,
212,
219,
225,
230,
235,
239,
242,
245,
250,
260,
275,
297,
325,
356,
381,
396,
398,
393,
391,
395,
408,
426,
449,
478,
511,
544,
571,
585,
584,
572,
557,
548,
548,
557,
571,
588,
603,
616,
624,
626,
625,
619,
611,
599,
586,
571,
555,
539,
524,
511,
498,
486,
472,
459,
445,
432,
419,
405,
394,
381,
371,
359,
346,
333,
316,
299,
279,
262,
244,
230,
219,
209,
204,
198,
194,
189,
182,
175,
166,
157,
150,
146,
145,
146,
148,
151,
154,
156,
156,
154,
153,
152,
155,
159,
163,
169,
175,
179,
185,
189,
193,
197,
201,
206,
213,
222,
231,
240,
249,
258,
268,
279,
290,
299,
306,
309,
308,
305,
300,
297,
294,
293,
293,
294,
296,
297,
298,
298,
298,
298,
299,
300,
303,
307,
312,
317,
321,
322,
323,
321,
322,
323,
328,
333,
341,
349,
357,
365,
372,
379,
387,
396,
409,
423,
439,
458,
477,
496,
517,
538,
562,
588,
617,
645,
677,
708,
739,
770,
795,
817,
833,
847,
859,
867,
876,
881,
883,
882,
876,
875,
876,
880,
886,
889,
889,
887,
883,
881,
877,
872,
866,
854,
843,
828,
813,
797,
783,
769,
758,
747,
735,
724,
708,
690,
667,
642,
613,
585,
557,
530,
505,
482,
463,
451,
443,
441,
440,
441,
441,
441,
443,
444,
448,
450,
452,
453,
453,
449,
443,
430,
415,
398,
381,
368,
354,
339,
324,
309,
298,
292,
285,
278,
270,
259,
252,
246,
243,
241,
239,
235,
232,
232,
238,
249,
263,
279,
298,
322,
357,
400,
444,
479,
498,
500,
495,
488,
483,
486,
498,
519,
552,
593,
639,
681,
713,
731,
737,
738,
739,
746,
759,
778,
799,
818,
833,
843,
850,
856,
862,
868,
873,
874,
873,
867,
857,
848,
837,
829,
819,
807,
794,
778,
761,
740,
721,
700,
677,
652,
624,
595,
566,
534,
503,
469,
436,
403,
372,
343,
316,
291,
266,
242,
219,
197,
177,
160,
146,
134,
127,
119,
113,
106,
101,
96,
92,
92,
94,
99,
107,
116,
124,
130,
135,
134,
133,
129,
126,
126,
127,
131,
136,
141,
146,
149,
149,
149,
145,
143,
140,
138,
139,
141,
146,
153,
162,
171,
180,
187,
193,
198,
202,
208,
213,
221,
231,
243,
257,
272,
289,
307,
328,
350,
375,
402,
432,
468,
503,
540,
574,
605,
633,
656,
678,
697,
717,
737,
757,
777,
798,
817,
838,
859,
881,
901,
916,
927,
932,
935,
939,
943,
951,
960,
967,
978,
982,
988,
991,
992,
992,
989,
986,
982,
979,
976,
973,
969,
963,
956,
948,
940,
931,
922,
910,
896,
879,
859,
835,
808,
777,
747,
714,
680,
644,
605,
563,
520,
476,
433,
395,
358,
324,
293,
262,
236,
211,
189,
171,
154,
142,
130,
118,
105,
90,
77,
65,
57,
54,
55,
60,
70,
80,
91,
100,
110,
121,
136,
152,
170,
181,
189,
193,
193,
194,
197,
201,
210,
221,
234,
250,
266,
283,
299,
311,
320,
323,
324,
320,
315,
310,
305,
303,
299,
295,
291,
287,
284,
281,
279,
277,
277,
278,
281,
285,
288,
291,
294,
297,
303,
306,
312,
316,
320,
325,
332,
339,
351,
359,
365,
365,
358,
347,
337,
324,
315,
306,
298,
293,
289,
287,
286,
286,
286,
288,
288,
289,
290,
292,
294,
298,
301,
306,
308,
312,
315,
319,
325,
332,
338,
345,
348,
349,
349,
347,
346,
347,
350,
353,
358,
362,
365,
368,
372,
378,
390,
408,
434,
464,
501,
544,
592,
643,
691,
736,
772,
802,
828,
851,
874,
898,
920,
941,
959,
977,
992,
1006,
1015,
1021,
1023,
1023,
1023,
1023,
1023,
1023,
1023,
1023,
1023,
1023,
1023,
1023,
1023,
1023,
1023,
1023,
1023,
1023,
1022,
1016,
1010,
997,
981,
965,
946,
929,
912,
894,
876,
852,
822,
786,
747,
706,
663,
621,
577,
534,
494,
456,
420,
387,
355,
327,
299,
275,
254,
233,
218,
205,
194,
183,
173,
162,
152,
143,
134,
130,
127,
129,
132,
135,
136,
135,
130,
125,
118,
113,
109,
109,
110,
114,
120,
127,
135,
140,
145,
146,
147,
148,
149,
152,
155,
160,
166,
174,
182,
190,
194,
199,
202,
207,
212,
219,
226,
235,
244,
254,
263,
271,
277,
280,
283,
284,
286,
289,
292,
296,
300,
304,
308,
310,
312,
313,
315,
316,
320,
322,
327,
335,
344,
358,
374,
394,
414,
437,
459,
486,
513,
546,
579,
614,
647,
679,
709,
736,
762,
784,
804,
821,
837,
851,
866,
882,
897,
911,
926,
937,
948,
955,
962,
966,
971,
972,
972,
969,
963,
955,
944,
930,
914,
896,
875,
851,
825,
798,
769,
742,
715,
690,
665,
642,
617,
592,
565,
538,
507,
476,
444,
414,
386,
362,
341,
321,
303,
284,
266,
248,
232,
218,
207,
196,
189,
181,
177,
173,
172,
171,
170,
169,
166,
165,
162,
161,
161,
163,
167,
174,
182,
193,
205,
218,
229,
236,
240,
241,
241,
241,
243,
245,
246,
250,
252,
255,
258,
258,
259,
259,
260,
261,
262,
265,
269,
275,
280,
287,
291,
296,
299,
301,
303,
304,
307,
310,
314,
319,
326,
335,
349,
364,
380,
395,
411,
426,
446,
468,
498,
530,
567,
602,
637,
668,
697,
722,
744,
762,
779,
795,
811,
828,
843,
860,
875,
891,
905,
916,
926,
931,
937,
940,
942,
943,
944,
942,
940,
936,
929,
921,
911,
901,
887,
873,
853,
833,
812,
791,
770,
747,
722,
693,
662,
629,
592,
557,
519,
484,
449,
415,
382,
353,
326,
304,
284,
267,
252,
237,
224,
209,
197,
185,
176,
169,
165,
163,
165,
168,
173,
175,
178,
178,
176,
174,
171,
170,
170,
172,
176,
181,
187,
192,
199,
201,
203,
205,
205,
207,
210,
214,
219,
226,
233,
240,
245,
250,
253,
256,
258,
260,
264,
267,
273,
278,
284,
289,
297,
304,
312,
320,
327,
333,
336,
339,
340,
344,
345,
349,
349,
351,
351,
353,
353,
356,
357,
364,
373,
389,
407,
431,
457,
488,
520,
555,
588,
622,
653,
688,
719,
750,
775,
797,
815,
831,
848,
863,
881,
897,
915,
932,
947,
960,
970,
978,
984,
992,
998,
1008,
1013,
1019,
1022,
1023,
1023,
1023,
1023,
1023,
1023,
1023,
1023,
1022,
1018,
1011,
1001,
987,
970,
951,
929,
902,
875,
846,
817,
789,
760,
730,
698,
667,
634,
603,
571,
539,
506,
472,
438,
403,
370,
339,
310,
286,
264,
247,
232,
218,
205,
192,
179,
166,
156,
146,
140,
134,
129,
126,
122,
119,
115,
111,
107,
104,
102,
103,
104,
110,
116,
123,
135,
144,
156,
163,
169,
171,
174,
175,
178,
182,
187,
194,
201,
209,
215,
221,
224,
227,
229,
232,
235,
239,
244,
250,
256,
262,
269,
273,
277,
279,
282,
284,
285,
288,
289,
292,
294,
297,
301,
306,
313,
321,
328,
337,
342,
345,
346,
346,
346,
347,
349,
353,
354,
356,
358,
358,
359,
359,
359,
359,
360,
361,
364,
366,
370,
373,
377,
380,
380,
380,
379,
379,
381,
384,
389,
397,
409,
427,
451,
483,
517,
557,
596,
634,
668,
696,
721,
741,
761,
779,
798,
819,
839,
859,
877,
892,
907,
918,
929,
939,
949,
959,
969,
981,
991,
1002,
1010,
1016,
1020,
1022,
1023,
1023,
1023,
1023,
1023,
1023,
1023,
1023,
1023,
1023,
1023,
1023,
1021,
1015,
1007,
991,
974,
951,
926,
899,
871,
844,
813,
779,
743,
704,
666,
630,
597,
567,
539,
510,
480,
449,
416,
385,
354,
328,
304,
283,
264,
247,
229,
213,
196,
182,
171,
162,
157,
155,
155,
156,
159,
160,
159,
154,
150,
143,
141,
137,
137,
136,
137,
139,
141,
145,
148,
149,
151,
152,
154,
156,
159,
162,
166,
171,
175,
179,
181,
183,
184,
185,
188,
190,
194,
199,
205,
212,
220,
228,
237,
245,
253,
258,
261,
262,
262,
262,
264,
265,
269,
273,
280,
285,
291,
295,
299,
307,
321,
342,
364,
385,
396,
400,
398,
395,
394,
396,
399,
405,
412,
424,
440,
460,
483,
503,
524,
541,
558,
572,
585,
596,
607,
614,
617,
616,
613,
610,
607,
605,
601,
599,
594,
590,
585,
577,
569,
561,
555,
550,
545,
539,
530,
520,
506,
494,
484,
476,
473,
477,
483,
498,
511,
526,
537,
546,
556,
562,
569,
573,
574,
574,
574,
575,
577,
577,
576,
573,
567,
559,
549,
539,
534,
533,
535,
535,
534,
531,
529,
528,
535,
542,
554,
563,
568,
572,
572,
573,
575,
578,
581,
582,
584,
585,
588,
589,
592,
593,
593,
591,
585,
579,
572,
566,
559,
552,
545,
535,
529,
522,
518,
517,
516,
518,
521,
526,
532,
538,
544,
548,
552,
556,
559,
562,
564,
563,
564,
565,
565,
566,
567,
570,
574,
579,
583,
585,
584,
582,
577,
573,
565,
556,
540,
524,
507,
494,
485,
479,
474,
468,
463,
458,
454,
448,
442,
437,
431,
426,
423,
419,
417,
412,
408,
403,
400,
398,
400,
404,
411,
416,
420,
420,
421,
423,
428,
430,
429,
425,
417,
412,
410,
410,
414,
419,
426,
433,
442,
451,
463,
475,
483,
490,
491,
488,
482,
476,
471,
469,
467,
467,
467,
466,
466,
468,
472,
476,
481,
485,
487,
488,
489,
490,
491,
493,
493,
494,
491,
489,
488,
487,
489,
491,
491,
490,
488,
484,
480,
476,
470,
464,
458,
452,
445,
440,
436,
433,
437,
441,
451,
460,
466,
469,
470,
468,
465,
463,
463,
463,
467,
469,
472,
473,
478,
481,
488,
493,
499,
500,
501,
499,
497,
496,
493,
490,
485,
482,
482,
486,
493,
502,
510,
517,
523,
529,
533,
536,
535,
533,
526,
518,
506,
498,
488,
481,
475,
468,
461,
457,
453,
453,
455,
457,
458,
455,
449,
438,
427,
414,
401,
390,
377,
367,
355,
345,
335,
324,
315,
304,
297,
291,
291,
295,
305,
317,
331,
347,
367,
388,
412,
437,
461,
484,
503,
522,
540,
557,
581,
605,
633,
661,
688,
712,
733,
750,
764,
775,
784,
793,
803,
814,
823,
834,
841,
847,
850,
851,
851,
847,
842,
833,
821,
808,
793,
778,
763,
749,
733,
717,
699,
681,
662,
644,
623,
602,
579,
554,
528,
502,
474,
446,
415,
383,
351,
321,
293,
270,
248,
230,
214,
201,
189,
179,
169,
161,
154,
149,
144,
140,
138,
141,
147,
159,
170,
182,
189,
196,
199,
202,
205,
207,
213,
222,
238,
259,
282,
300,
313,
319,
321,
323,
323,
328,
333,
341,
347,
352,
356,
357,
359,
360,
362,
365,
370,
375,
381,
387,
397,
409,
424,
438,
451,
460,
467,
475,
482,
490,
497,
503,
506,
507,
504,
499,
491,
480,
470,
457,
445,
430,
416,
402,
390,
379,
371,
363,
355,
345,
333,
321,
309,
298,
286,
273,
259,
246,
239,
237,
241,
249,
259,
268,
276,
283,
290,
298,
304,
310,
312,
311,
308,
306,
305,
307,
312,
321,
331,
344,
353,
362,
365,
366,
364,
363,
362,
364,
365,
366,
367,
367,
371,
373,
376,
379,
381,
384,
391,
400,
416,
435,
457,
484,
509,
539,
566,
599,
630,
661,
689,
712,
732,
749,
764,
780,
794,
806,
816,
822,
824,
822,
818,
811,
803,
795,
